"Country/Area","Year","Unit","GDP, Per Capita GDP - US Dollars"
"Afghanistan","2019","US$","500.5226641505073"
"Afghanistan","2020","US$","516.8665429630809"
"Afghanistan","2021","US$","372.5488747800418"
"Africa","2019","US$","1939.1287171374204"
"Africa","2020","US$","1798.5674643340233"
"Africa","2021","US$","1959.0437042754056"
"Albania","2019","US$","5359.239078357407"
"Albania","2020","US$","5278.2222819374565"
"Albania","2021","US$","6396.46181225342"
"Algeria","2019","US$","4021.9832548197305"
"Algeria","2020","US$","3354.1531637159264"
"Algeria","2021","US$","3700.324057834338"
"Americas","2019","US$","28143.75545891203"
"Americas","2020","US$","26683.70612067272"
"Americas","2021","US$","29722.973670723983"
"Andorra","2019","US$","41328.6340793287"
"Andorra","2020","US$","37207.17563596214"
"Andorra","2021","US$","42066.04156968585"
"Angola","2019","US$","2569.629791262053"
"Angola","2020","US$","1639.951036123024"
"Angola","2021","US$","2044.2182115246992"
"Anguilla","2019","US$","24494.774358233393"
"Anguilla","2020","US$","16582.659014484485"
"Anguilla","2021","US$","19216.327989260128"
"Antigua and Barbuda","2019","US$","18319.456054076156"
"Antigua and Barbuda","2020","US$","14788.395189629757"
"Antigua and Barbuda","2021","US$","15245.818985399972"
"Argentina","2019","US$","10006.693110619826"
"Argentina","2020","US$","8560.709940339004"
"Argentina","2021","US$","10761.081626964278"
"Armenia","2019","US$","4828.504888606453"
"Armenia","2020","US$","4505.867745526379"
"Armenia","2021","US$","4966.516675678819"
"Aruba","2019","US$","31650.76053693679"
"Aruba","2020","US$","24487.86355894514"
"Aruba","2021","US$","29342.100855878063"
"Asia","2019","US$","7159.714102304125"
"Asia","2020","US$","7033.306362379864"
"Asia","2021","US$","7988.95181589519"
"Australia","2019","US$","54267.088198817204"
"Australia","2020","US$","55774.158289013176"
"Australia","2021","US$","66915.8592008469"
"Australia and New Zealand","2019","US$","52430.520398278946"
"Australia and New Zealand","2020","US$","53494.172228124306"
"Australia and New Zealand","2021","US$","63926.92571905377"
"Austria","2019","US$","50070.29057634942"
"Austria","2020","US$","48859.01813667282"
"Austria","2021","US$","53840.393295350164"
"Azerbaijan","2019","US$","4707.846978630057"
"Azerbaijan","2020","US$","4151.016373340039"
"Azerbaijan","2021","US$","5296.443211687571"
"Bahamas","2019","US$","32610.485049078376"
"Bahamas","2020","US$","23862.73559491329"
"Bahamas","2021","US$","27478.389628983146"
"Bahrain","2019","US$","25869.206182092556"
"Bahrain","2020","US$","23501.915142605216"
"Bahrain","2021","US$","26562.974042819285"
"Bangladesh","2019","US$","2111.4167932545015"
"Bangladesh","2020","US$","2231.271633685075"
"Bangladesh","2021","US$","2449.906516762977"
"Barbados","2019","US$","19002.96238132629"
"Barbados","2020","US$","16643.806578717675"
"Barbados","2021","US$","17225.462304409673"
"Belarus","2019","US$","6658.089989376561"
"Belarus","2020","US$","6370.492500924133"
"Belarus","2021","US$","7121.0046888245615"
"Belgium","2019","US$","46551.210743474796"
"Belgium","2020","US$","45426.8004183642"
"Belgium","2021","US$","51165.51022226701"
"Belize","2019","US$","6210.952944653619"
"Belize","2020","US$","5267.280891621363"
"Belize","2021","US$","6228.700853183878"
"Benin","2019","US$","1170.9655329875757"
"Benin","2020","US$","1240.733155370072"
"Benin","2021","US$","1360.911474217921"
"Bermuda","2019","US$","116333.38557011221"
"Bermuda","2020","US$","107473.87983945277"
"Bermuda","2021","US$","112652.64635039339"
"Bhutan","2019","US$","3303.9797362272525"
"Bhutan","2020","US$","2997.3066074334"
"Bhutan","2021","US$","3062.9149753761885"
"Bolivia (Plurinational State of)","2019","US$","3472.3808307623167"
"Bolivia (Plurinational State of)","2020","US$","3068.8125550796917"
"Bolivia (Plurinational State of)","2021","US$","3345.1965887432802"
"Bosnia and Herzegovina","2019","US$","6011.417260885564"
"Bosnia and Herzegovina","2020","US$","6012.166079699617"
"Bosnia and Herzegovina","2021","US$","7143.283962600179"
"Botswana","2019","US$","6679.186866781301"
"Botswana","2020","US$","5863.182049779305"
"Botswana","2021","US$","6805.247712627015"
"Brazil","2019","US$","8883.903092241835"
"Brazil","2020","US$","6794.5158525142815"
"Brazil","2021","US$","7507.160245564557"
"British Virgin Islands","2019","US$","47005.64818686704"
"British Virgin Islands","2020","US$","48272.96357165966"
"British Virgin Islands","2021","US$","49443.86887089519"
"Brunei Darussalam","2019","US$","30748.34227851489"
"Brunei Darussalam","2020","US$","27179.282398638108"
"Brunei Darussalam","2021","US$","31448.91360813847"
"Bulgaria","2019","US$","9771.556105025724"
"Bulgaria","2020","US$","10064.072068500305"
"Bulgaria","2021","US$","12207.257714981306"
"Burkina Faso","2019","US$","772.1668775474628"
"Burkina Faso","2020","US$","833.244336102605"
"Burkina Faso","2021","US$","893.0771959864603"
"Burundi","2019","US$","283.66986998721563"
"Burundi","2020","US$","295.8319643958672"
"Burundi","2021","US$","310.70684427427705"
"Cabo Verde","2019","US$","3434.5634909781747"
"Cabo Verde","2020","US$","2924.1005147872356"
"Cabo Verde","2021","US$","3293.2333221717654"
"Cambodia","2019","US$","1671.9143932777674"
"Cambodia","2020","US$","1542.4447918646365"
"Cambodia","2021","US$","1607.6589285354175"
"Cameroon","2019","US$","1538.6879120214817"
"Cameroon","2020","US$","1540.3086104480494"
"Cameroon","2021","US$","1668.012410181408"
"Canada","2019","US$","46411.963246769046"
"Canada","2020","US$","43427.80803852661"
"Canada","2021","US$","52112.06149581127"
"Caribbean","2019","US$","9211.707225288419"
"Caribbean","2020","US$","8736.298190515998"
"Caribbean","2021","US$","9801.98057874532"
"Cayman Islands","2019","US$","89868.68318114697"
"Cayman Islands","2020","US$","83326.45890194917"
"Cayman Islands","2021","US$","85250.26525255802"
"Central African Republic","2019","US$","426.4002934412591"
"Central African Republic","2020","US$","435.2092008354527"
"Central African Republic","2021","US$","461.36101321537"
"Central America","2019","US$","8836.153350342587"
"Central America","2020","US$","7640.380647258233"
"Central America","2021","US$","8783.212940918816"
"Central Asia","2019","US$","4142.54934781676"
"Central Asia","2020","US$","3921.42643467208"
"Central Asia","2021","US$","4396.6968616117"
"Chad","2019","US$","948.6902070610466"
"Chad","2020","US$","895.7539663736828"
"Chad","2021","US$","955.1696725682955"
"Chile","2019","US$","14631.946408269405"
"Chile","2020","US$","13094.459430548344"
"Chile","2021","US$","16265.096434070081"
"China (mainland)","2019","US$","10043.13017714862"
"China (mainland)","2020","US$","10307.696388141958"
"China (mainland)","2021","US$","12437.206097525663"
"China, Hong Kong SAR","2019","US$","48431.9381390739"
"China, Hong Kong SAR","2020","US$","45984.78870817856"
"China, Hong Kong SAR","2021","US$","49258.81434660794"
"China, Macao Special Administrative Region","2019","US$","83183.47238630458"
"China, Macao Special Administrative Region","2020","US$","37833.618534921305"
"China, Macao Special Administrative Region","2021","US$","43554.859734225865"
"Colombia","2019","US$","6438.0601829042935"
"Colombia","2020","US$","5307.215227989132"
"Colombia","2021","US$","6104.1367093038925"
"Comoros","2019","US$","1507.6875082157642"
"Comoros","2020","US$","1532.4391220423208"
"Comoros","2021","US$","1631.4845533623006"
"Congo","2019","US$","2317.397985990962"
"Congo","2020","US$","1838.4481080599098"
"Congo","2021","US$","2200.317775363399"
"Cook Islands","2019","US$","20853.046067577805"
"Cook Islands","2020","US$","16641.890462414336"
"Cook Islands","2021","US$","19263.89002258653"
"Costa Rica","2019","US$","12669.341161735572"
"Costa Rica","2020","US$","12132.877819069354"
"Costa Rica","2021","US$","12472.443327392959"
"Croatia","2019","US$","15092.428221528566"
"Croatia","2020","US$","14028.277562125075"
"Croatia","2021","US$","16983.44731725539"
"Cuba","2019","US$","9139.415856057647"
"Cuba","2020","US$","9499.590202304318"
"Cuba","2021","US$","11255.278949558526"
"Curaçao","2019","US$","15510.52681216796"
"Curaçao","2020","US$","13187.178985219296"
"Curaçao","2021","US$","14183.255280476935"
"Cyprus","2019","US$","29850.50695964841"
"Cyprus","2020","US$","28570.30035259703"
"Cyprus","2021","US$","32280.928826946954"
"Czechia","2019","US$","23968.0432611253"
"Czechia","2020","US$","23357.293366900692"
"Czechia","2021","US$","26808.53985804159"
"Côte d'Ivoire","2019","US$","2238.817938798131"
"Côte d'Ivoire","2020","US$","2288.1194796880245"
"Côte d'Ivoire","2021","US$","2538.9110713960463"
"Democratic People's Republic of Korea","2019","US$","643.1453775015157"
"Democratic People's Republic of Korea","2020","US$","621.3791454659184"
"Democratic People's Republic of Korea","2021","US$","654.1480075803547"
"Democratic Republic of the Congo","2019","US$","526.3181750831874"
"Democratic Republic of the Congo","2020","US$","487.9494757191167"
"Democratic Republic of the Congo","2021","US$","551.127775172991"
"Denmark","2019","US$","59783.649338656745"
"Denmark","2020","US$","60975.68482253044"
"Denmark","2021","US$","68036.71744999515"
"Djibouti","2019","US$","2948.181327776046"
"Djibouti","2020","US$","3140.3379414789283"
"Djibouti","2021","US$","3348.0133913473587"
"Dominica","2019","US$","8561.587011214608"
"Dominica","2020","US$","7036.805539479336"
"Dominica","2021","US$","7570.783781489052"
"Dominican Republic","2019","US$","8173.344645803636"
"Dominican Republic","2020","US$","7167.914931980666"
"Dominican Republic","2021","US$","8476.749688279982"
"Eastern Africa","2019","US$","978.6740822546476"
"Eastern Africa","2020","US$","950.9189250718233"
"Eastern Africa","2021","US$","999.2664423607339"
"Eastern Asia","2019","US$","13321.92508397354"
"Eastern Asia","2020","US$","13495.836786572105"
"Eastern Asia","2021","US$","15445.79826724775"
"Eastern Europe","2019","US$","11450.862643931248"
"Eastern Europe","2020","US$","10757.341925447277"
"Eastern Europe","2021","US$","12655.045969607063"
"Ecuador","2019","US$","6233.258166923628"
"Ecuador","2020","US$","5645.199289653324"
"Ecuador","2021","US$","5965.132870544159"
"Egypt","2019","US$","3004.652156084475"
"Egypt","2020","US$","3457.2110627594457"
"Egypt","2021","US$","3898.0197303003542"
"El Salvador","2019","US$","4280.287889096826"
"El Salvador","2020","US$","3903.395115570648"
"El Salvador","2021","US$","4551.184796822764"
"Equatorial Guinea","2019","US$","7351.611038039182"
"Equatorial Guinea","2020","US$","6279.165557088555"
"Equatorial Guinea","2021","US$","7605.453386031027"
"Eritrea","2019","US$","566.436164468363"
"Eritrea","2020","US$","586.053060382095"
"Eritrea","2021","US$","622.9821402344012"
"Estonia","2019","US$","23421.995818672727"
"Estonia","2020","US$","23596.6280435775"
"Estonia","2021","US$","27990.621029095353"
"Ethiopia","2019","US$","811.0880980615411"
"Ethiopia","2020","US$","824.3902675390082"
"Ethiopia","2021","US$","825.2911140797497"
"Europe","2019","US$","29060.16387633538"
"Europe","2020","US$","28113.723213700774"
"Europe","2021","US$","31874.943316918096"
"Fiji","2019","US$","5968.299048918999"
"Fiji","2020","US$","4864.106002703588"
"Fiji","2021","US$","4646.537921378701"
"Finland","2019","US$","48630.46593232076"
"Finland","2020","US$","49171.41908817388"
"Finland","2021","US$","53703.45252002731"
"France","2019","US$","40915.376825761254"
"France","2020","US$","39505.84387629787"
"France","2021","US$","44229.39371527279"
"French Polynesia","2019","US$","20023.498354289564"
"French Polynesia","2020","US$","18910.37865110007"
"French Polynesia","2021","US$","19914.599058609758"
"Gabon","2019","US$","7523.862278460201"
"Gabon","2020","US$","6681.100967384323"
"Gabon","2021","US$","7910.846082612401"
"Gambia","2019","US$","722.8753505740801"
"Gambia","2020","US$","704.0304580202123"
"Gambia","2021","US$","772.1514523861231"
"Georgia","2019","US$","4634.805740629289"
"Georgia","2020","US$","4207.853146460483"
"Georgia","2021","US$","4975.12492080027"
"Germany","2019","US$","46762.63340537658"
"Germany","2020","US$","46678.46074525256"
"Germany","2021","US$","51073.11789413874"
"Ghana","2019","US$","2168.41725170413"
"Ghana","2020","US$","2176.576218012764"
"Ghana","2021","US$","2408.634902627499"
"Greece","2019","US$","19411.439293855605"
"Greece","2020","US$","17972.015451790518"
"Greece","2021","US$","20571.21793576842"
"Greenland","2019","US$","53535.81011163846"
"Greenland","2020","US$","54902.91652568676"
"Greenland","2021","US$","58185.240746841344"
"Grenada","2019","US$","9887.922492747955"
"Grenada","2020","US$","8437.549621866596"
"Grenada","2021","US$","8950.228562002334"
"Guatemala","2019","US$","4511.219050607839"
"Guatemala","2020","US$","4470.843195349529"
"Guatemala","2021","US$","4883.207815943189"
"Guinea","2019","US$","1043.8998861952325"
"Guinea","2020","US$","1073.6548866268981"
"Guinea","2021","US$","1185.0591401061452"
"Guinea-Bissau","2019","US$","692.9000542046755"
"Guinea-Bissau","2020","US$","692.7982097953384"
"Guinea-Bissau","2021","US$","758.5521196778986"
"Guyana","2019","US$","6477.29672607993"
"Guyana","2020","US$","6863.0923946671355"
"Guyana","2021","US$","9998.545452228725"
"Haiti","2019","US$","1260.286977812112"
"Haiti","2020","US$","1463.5228506922215"
"Haiti","2021","US$","1663.5620621990035"
"Honduras","2019","US$","2519.367422545348"
"Honduras","2020","US$","2354.121480101052"
"Honduras","2021","US$","2771.7226164524714"
"Hungary","2019","US$","16781.827508669016"
"Hungary","2020","US$","16120.288034378074"
"Hungary","2021","US$","18728.32441764323"
"Iceland","2019","US$","68813.44586814937"
"Iceland","2020","US$","59166.91841942483"
"Iceland","2021","US$","69133.13408221582"
"India","2019","US$","2061.100834351948"
"India","2020","US$","1913.6553664765308"
"India","2021","US$","2274.4765416097475"
"Indonesia","2019","US$","4151.227554541349"
"Indonesia","2020","US$","3894.2722105637126"
"Indonesia","2021","US$","4332.709280894053"
"Iran, Islamic Republic of","2019","US$","5999.658534638251"
"Iran, Islamic Republic of","2020","US$","6228.127101020427"
"Iran, Islamic Republic of","2021","US$","6766.020901611621"
"Iraq","2019","US$","5621.1816949175245"
"Iraq","2020","US$","4251.337242871579"
"Iraq","2021","US$","4686.129928661717"
"Ireland","2019","US$","81560.48878729947"
"Ireland","2020","US$","86098.26877806966"
"Ireland","2021","US$","101108.98915909439"
"Israel","2019","US$","46228.89733111695"
"Israel","2020","US$","46486.025221936936"
"Israel","2021","US$","54111.02104466244"
"Italy","2019","US$","33674.39875245384"
"Italy","2020","US$","31877.930154564336"
"Italy","2021","US$","35578.85106731486"
"Jamaica","2019","US$","5626.1691870020595"
"Jamaica","2020","US$","4897.265870289478"
"Jamaica","2021","US$","5183.580141575789"
"Japan","2019","US$","40728.594082664335"
"Japan","2020","US$","40242.064529023344"
"Japan","2021","US$","39649.92750532652"
"Jordan","2019","US$","4159.653753775904"
"Jordan","2020","US$","3998.380331842267"
"Jordan","2021","US$","4058.3543011603215"
"Kazakhstan","2019","US$","9686.716746750511"
"Kazakhstan","2020","US$","9014.183025222474"
"Kazakhstan","2021","US$","10054.890081729845"
"Kenya","2019","US$","1970.0800629653995"
"Kenya","2020","US$","1936.4249498434394"
"Kenya","2021","US$","2081.798969889229"
"Kingdom of Eswatini","2019","US$","3843.256710560596"
"Kingdom of Eswatini","2020","US$","3364.8605609737706"
"Kingdom of Eswatini","2021","US$","3968.90595896081"
"Kiribati","2019","US$","1411.9407285483098"
"Kiribati","2020","US$","1404.7511601299313"
"Kiribati","2021","US$","1764.9344861010507"
"Kosovo","2019","US$","4682.788953191786"
"Kosovo","2020","US$","4629.499953646918"
"Kosovo","2021","US$","5663.086498206868"
"Kuwait","2019","US$","30666.220367346436"
"Kuwait","2020","US$","24297.70114594342"
"Kuwait","2021","US$","32150.178824381477"
"Kyrgyzstan","2019","US$","1402.833749906657"
"Kyrgyzstan","2020","US$","1211.0546072450404"
"Kyrgyzstan","2021","US$","1339.0052104083031"
"Lao People's Democratic Republic","2019","US$","2598.5057947226232"
"Lao People's Democratic Republic","2020","US$","2611.6856070814374"
"Lao People's Democratic Republic","2021","US$","2568.9240823807922"
"Latin America and the Caribbean","2019","US$","8527.791679518416"
"Latin America and the Caribbean","2020","US$","7105.848357686212"
"Latin America and the Caribbean","2021","US$","8100.5864256428595"
"Latvia","2019","US$","17919.63239918681"
"Latvia","2020","US$","18239.74267618316"
"Latvia","2021","US$","21267.462243470003"
"Lebanon","2019","US$","8997.36354586994"
"Lebanon","2020","US$","6895.234183080619"
"Lebanon","2021","US$","6784.799327725862"
"Lesotho","2019","US$","1094.2448385109194"
"Lesotho","2020","US$","938.7011000486193"
"Lesotho","2021","US$","1040.30867404702"
"Liberia","2019","US$","517.972477222484"
"Liberia","2020","US$","487.63602782774694"
"Liberia","2021","US$","470.7670163530131"
"Libya","2019","US$","10542.429020335816"
"Libya","2020","US$","7039.725252494277"
"Libya","2021","US$","5791.254976497968"
"Liechtenstein","2019","US$","167012.65471966832"
"Liechtenstein","2020","US$","157781.55935816508"
"Liechtenstein","2021","US$","169260.216995924"
"Lithuania","2019","US$","19217.239402214786"
"Lithuania","2020","US$","20156.468484877165"
"Lithuania","2021","US$","23844.125649522364"
"Luxembourg","2019","US$","112626.90770567696"
"Luxembourg","2020","US$","117374.22058934568"
"Luxembourg","2021","US$","133745.40150218992"
"Madagascar","2019","US$","512.2796655827365"
"Madagascar","2020","US$","462.5685828844791"
"Madagascar","2021","US$","499.72218508888477"
"Malawi","2019","US$","584.7217287928748"
"Malawi","2020","US$","607.0264094489632"
"Malawi","2021","US$","613.3410497030552"
"Malaysia","2019","US$","11135.188647470995"
"Malaysia","2020","US$","10150.830863608391"
"Malaysia","2021","US$","11100.943724686304"
"Maldives","2019","US$","11118.526229240248"
"Maldives","2020","US$","7282.372919911221"
"Maldives","2021","US$","10366.294434637035"
"Mali","2019","US$","840.1757461313067"
"Mali","2020","US$","822.9061375237948"
"Mali","2021","US$","874.5524142319227"
"Malta","2019","US$","31514.484999154138"
"Malta","2020","US$","29175.58198031302"
"Malta","2021","US$","33641.59568484012"
"Marshall Islands","2019","US$","5357.751520300483"
"Marshall Islands","2020","US$","5631.088567940478"
"Marshall Islands","2021","US$","6111.27229488704"
"Mauritania","2019","US$","1839.9627782334646"
"Mauritania","2020","US$","1868.4682482373119"
"Mauritania","2021","US$","2166.044796625597"
"Mauritius","2019","US$","11134.214841193132"
"Mauritius","2020","US$","8782.730906503702"
"Mauritius","2021","US$","8872.95918952896"
"Melanesia","2019","US$","3604.687367034257"
"Melanesia","2020","US$","3363.5356078626055"
"Melanesia","2021","US$","3574.990241183722"
"Mexico","2019","US$","10145.152627959309"
"Mexico","2020","US$","8654.997325169576"
"Mexico","2021","US$","10045.676371041029"
"Micronesia","2019","US$","3993.6911416838398"
"Micronesia","2020","US$","3897.709721851611"
"Micronesia","2021","US$","4009.763391938156"
"Micronesia (Federated States of)","2019","US$","3703.385853706713"
"Micronesia (Federated States of)","2020","US$","3635.0947139314576"
"Micronesia (Federated States of)","2021","US$","3572.6551519919385"
"Middle Africa","2019","US$","1281.1786440906455"
"Middle Africa","2020","US$","1053.6195597927804"
"Middle Africa","2021","US$","1219.463681059283"
"Monaco","2019","US$","199383.56714243477"
"Monaco","2020","US$","182537.30460069727"
"Monaco","2021","US$","234317.08481827597"
"Mongolia","2019","US$","4394.947150094265"
"Mongolia","2020","US$","4041.174145141904"
"Mongolia","2021","US$","4509.85839327106"
"Montenegro","2019","US$","8791.588867451992"
"Montenegro","2020","US$","7600.017858126392"
"Montenegro","2021","US$","9252.311915536213"
"Montserrat","2019","US$","14506.515394417725"
"Montserrat","2020","US$","15067.489711934157"
"Montserrat","2021","US$","16199.419582589155"
"Morocco","2019","US$","3551.0912359602585"
"Morocco","2020","US$","3307.4841984297805"
"Morocco","2021","US$","3853.2833317302475"
"Mozambique","2019","US$","508.16340378094526"
"Mozambique","2020","US$","454.0623643457195"
"Mozambique","2021","US$","491.83911277653095"
"Myanmar","2019","US$","1400.369086865427"
"Myanmar","2020","US$","1465.9933618414823"
"Myanmar","2021","US$","1088.9252062864941"
"Namibia","2019","US$","5126.594304904407"
"Namibia","2020","US$","4243.569032954417"
"Namibia","2021","US$","4836.174241463731"
"Nauru","2019","US$","10976.593270567642"
"Nauru","2020","US$","11015.094289027134"
"Nauru","2021","US$","12390.370114941867"
"Nepal","2019","US$","1188.5288874857758"
"Nepal","2020","US$","1119.609198475165"
"Nepal","2021","US$","1205.5000022008517"
"Netherlands","2019","US$","52420.6999565304"
"Netherlands","2020","US$","52183.342924140896"
"Netherlands","2021","US$","57871.349209626766"
"New Caledonia","2019","US$","33204.34006595963"
"New Caledonia","2020","US$","33011.628547997716"
"New Caledonia","2021","US$","34994.26583446173"
"New Zealand","2019","US$","43039.54587889174"
"New Zealand","2020","US$","41930.08994411668"
"New Zealand","2021","US$","48823.507779533866"
"Nicaragua","2019","US$","1890.2730774893294"
"Nicaragua","2020","US$","1863.107439020256"
"Nicaragua","2021","US$","2045.534286650415"
"Niger","2019","US$","550.9637691117579"
"Niger","2020","US$","564.8219973309591"
"Niger","2021","US$","590.6294772651623"
"Nigeria","2019","US$","2334.019506083776"
"Nigeria","2020","US$","2063.572796878867"
"Nigeria","2021","US$","2019.308062818724"
"Northern Africa","2019","US$","3100.9003054643626"
"Northern Africa","2020","US$","3038.6737438496016"
"Northern Africa","2021","US$","3345.9989916354734"
"Northern America","2019","US$","62191.54292995048"
"Northern America","2020","US$","60745.57718412378"
"Northern America","2021","US$","67454.66936662084"
"Northern Europe","2019","US$","47164.813164424246"
"Northern Europe","2020","US$","45595.218595288374"
"Northern Europe","2021","US$","53057.2107897439"
"Norway","2019","US$","75714.33046712104"
"Norway","2020","US$","67325.12226393018"
"Norway","2021","US$","89241.71393780549"
"Oceania","2019","US$","38161.63517660631"
"Oceania","2020","US$","38777.240683010554"
"Oceania","2021","US$","46087.60397920243"
"Oman","2019","US$","19132.1711363082"
"Oman","2020","US$","16707.622996017682"
"Oman","2021","US$","19509.466486400015"
"Pakistan","2019","US$","1307.3335009782547"
"Pakistan","2020","US$","1292.9419494042709"
"Pakistan","2021","US$","1480.1107268919275"
"Palau","2019","US$","15567.97694797946"
"Palau","2020","US$","14013.777487202315"
"Palau","2021","US$","12084.128273413227"
"Panama","2019","US$","15826.088769086684"
"Panama","2020","US$","12569.180158280698"
"Panama","2021","US$","14617.596617490952"
"Papua New Guinea","2019","US$","2593.729597079869"
"Papua New Guinea","2020","US$","2446.0846950197156"
"Papua New Guinea","2021","US$","2672.9671739215005"
"Paraguay","2019","US$","5807.838812652374"
"Paraguay","2020","US$","5353.348049243037"
"Paraguay","2021","US$","6035.143063868031"
"Peru","2019","US$","6955.881769636782"
"Peru","2020","US$","6056.272511903328"
"Peru","2021","US$","6621.65260383678"
"Philippines","2019","US$","3413.8490672027515"
"Philippines","2020","US$","3224.422811048932"
"Philippines","2021","US$","3460.5311230111492"
"Poland","2019","US$","15484.611924427805"
"Poland","2020","US$","15598.96623247491"
"Poland","2021","US$","17736.419557001722"
"Polynesia","2019","US$","12150.675720851177"
"Polynesia","2020","US$","11320.562044466427"
"Polynesia","2021","US$","11828.380870114353"
"Portugal","2019","US$","23322.518802026174"
"Portugal","2020","US$","22240.006840111088"
"Portugal","2021","US$","24651.176434873312"
"Puerto Rico","2019","US$","31925.298377988678"
"Puerto Rico","2020","US$","31489.61780970814"
"Puerto Rico","2021","US$","32716.456983785152"
"Qatar","2019","US$","62827.39695430236"
"Qatar","2020","US$","52315.66007833315"
"Qatar","2021","US$","66798.76705368"
"Republic of Korea","2019","US$","31874.52754651387"
"Republic of Korea","2020","US$","31716.12725367093"
"Republic of Korea","2021","US$","34940.411261751535"
"Republic of Moldova","2019","US$","3849.9371827191176"
"Republic of Moldova","2020","US$","3844.5117516583405"
"Republic of Moldova","2021","US$","4468.4212899075"
"Republic of North Macedonia","2019","US$","5962.765932740708"
"Republic of North Macedonia","2020","US$","5738.548212876032"
"Republic of North Macedonia","2021","US$","6599.619340407647"
"Romania","2019","US$","12856.744768073699"
"Romania","2020","US$","12928.816109315014"
"Romania","2021","US$","14697.754288910164"
"Russian Federation","2019","US$","11617.18446037778"
"Russian Federation","2020","US$","10227.91646993234"
"Russian Federation","2021","US$","12258.772019778926"
"Rwanda","2019","US$","806.8827451736838"
"Rwanda","2020","US$","774.7159119826688"
"Rwanda","2021","US$","822.3157487276883"
"Saint Kitts and Nevis","2019","US$","23219.409046873836"
"Saint Kitts and Nevis","2020","US$","18566.017846064864"
"Saint Kitts and Nevis","2021","US$","18082.68798984255"
"Saint Lucia","2019","US$","11864.4697008819"
"Saint Lucia","2020","US$","9020.314299358246"
"Saint Lucia","2021","US$","9824.062102302467"
"Saint Vincent and the Grenadines","2019","US$","8674.356183029126"
"Saint Vincent and the Grenadines","2020","US$","8335.244794454213"
"Saint Vincent and the Grenadines","2021","US$","8440.025094392402"
"Samoa","2019","US$","4306.427770327834"
"Samoa","2020","US$","3857.7799345305166"
"Samoa","2021","US$","3918.6581040844385"
"San Marino","2019","US$","47288.655281919375"
"San Marino","2020","US$","45423.40673014699"
"San Marino","2021","US$","50425.10214352892"
"Sao Tome and Principe","2019","US$","2006.6875243909576"
"Sao Tome and Principe","2020","US$","2179.1986303165895"
"Sao Tome and Principe","2021","US$","2485.8175523774357"
"Saudi Arabia","2019","US$","22430.238229399456"
"Saudi Arabia","2020","US$","19539.558402734976"
"Saudi Arabia","2021","US$","23185.870791780246"
"Senegal","2019","US$","1462.6783520711047"
"Senegal","2020","US$","1490.5252468579101"
"Senegal","2021","US$","1636.8798252104932"
"Serbia","2019","US$","6960.390902745649"
"Serbia","2020","US$","7248.570829885566"
"Serbia","2021","US$","8643.29239749049"
"Seychelles","2019","US$","15761.67116354003"
"Seychelles","2020","US$","11214.739773251624"
"Seychelles","2021","US$","12084.627638868453"
"Sierra Leone","2019","US$","506.60689188964864"
"Sierra Leone","2020","US$","493.4322524318469"
"Sierra Leone","2021","US$","504.6212380524163"
"Singapore","2019","US$","64005.8433843438"
"Singapore","2020","US$","58425.23858731656"
"Singapore","2021","US$","66821.71611365848"
"Sint Maarten (Dutch part)","2019","US$","32010.471285852065"
"Sint Maarten (Dutch part)","2020","US$","25943.375384645726"
"Sint Maarten (Dutch part)","2021","US$","26198.692766351265"
"Slovakia","2019","US$","19384.27359613757"
"Slovakia","2020","US$","19553.429754378256"
"Slovakia","2021","US$","21390.452769612075"
"Slovenia","2019","US$","25714.214003545738"
"Slovenia","2020","US$","25361.617027477365"
"Slovenia","2021","US$","29134.800031549923"
"Solomon Islands","2019","US$","2398.766364882201"
"Solomon Islands","2020","US$","2222.458689939725"
"Solomon Islands","2021","US$","2305.981147127287"
"Somalia","2019","US$","405.77896263813375"
"Somalia","2020","US$","416.23238804212957"
"Somalia","2021","US$","446.9977572930787"
"South Africa","2019","US$","6688.77474646309"
"South Africa","2020","US$","5741.641248738424"
"South Africa","2021","US$","7055.055176227794"
"South America","2019","US$","8333.490817687478"
"South America","2020","US$","6724.585922973963"
"South America","2021","US$","7651.556254549685"
"South Sudan","2019","US$","412.1332294950146"
"South Sudan","2020","US$","397.4575024347128"
"South Sudan","2021","US$","400.44290293550324"
"South-Eastern Asia","2019","US$","4896.488199093258"
"South-Eastern Asia","2020","US$","4605.149790571155"
"South-Eastern Asia","2021","US$","4945.765561555356"
"Southern Africa","2019","US$","6393.330566298774"
"Southern Africa","2020","US$","5488.166161377859"
"Southern Africa","2021","US$","6706.996632221804"
"Southern Asia","2019","US$","2133.8202847645593"
"Southern Asia","2020","US$","2042.6326705605627"
"Southern Asia","2021","US$","2361.459954050685"
"Southern Europe","2019","US$","26868.078621436645"
"Southern Europe","2020","US$","25154.863446451436"
"Southern Europe","2021","US$","28211.30594044663"
"Spain","2019","US$","29583.693322770436"
"Spain","2020","US$","26960.727325999207"
"Spain","2021","US$","30058.387244713747"
"Sri Lanka","2019","US$","3875.467126331257"
"Sri Lanka","2020","US$","3728.731610024433"
"Sri Lanka","2021","US$","3918.0191676061354"
"State of Palestine","2019","US$","3489.67111527514"
"State of Palestine","2020","US$","3094.3333676667794"
"State of Palestine","2021","US$","3513.6221819802577"
"Sub-Saharan Africa","2019","US$","1673.8472587550775"
"Sub-Saharan Africa","2020","US$","1517.793251342642"
"Sub-Saharan Africa","2021","US$","1647.6795999810508"
"Sudan","2019","US$","812.3348852441881"
"Sudan","2020","US$","771.4996198437685"
"Sudan","2021","US$","785.5772952207608"
"Suriname","2019","US$","7087.787593483165"
"Suriname","2020","US$","6851.185420347507"
"Suriname","2021","US$","5259.2629718757535"
"Sweden","2019","US$","51994.89528538041"
"Sweden","2020","US$","52758.781922858085"
"Sweden","2021","US$","60729.71342500841"
"Switzerland","2019","US$","85325.75045532985"
"Switzerland","2020","US$","87079.72515149253"
"Switzerland","2021","US$","93525.3661913239"
"Syrian Arab Republic","2019","US$","1323.3348180767969"
"Syrian Arab Republic","2020","US$","1117.2473183239847"
"Syrian Arab Republic","2021","US$","924.7117833166537"
"Tajikistan","2019","US$","889.0233718075257"
"Tajikistan","2020","US$","852.3302295897907"
"Tajikistan","2021","US$","897.0514764239653"
"Thailand","2019","US$","7630.038189331742"
"Thailand","2020","US$","6998.537376237617"
"Thailand","2021","US$","7066.675486756309"
"Timor-Leste","2019","US$","1599.3993719336665"
"Timor-Leste","2020","US$","1463.2031777045297"
"Timor-Leste","2021","US$","1517.2238811393688"
"Togo","2019","US$","848.3045343333605"
"Togo","2020","US$","868.8956337945301"
"Togo","2021","US$","943.9393541119674"
"Tonga","2019","US$","4839.534725533826"
"Tonga","2020","US$","4626.1780579893375"
"Tonga","2021","US$","4450.53149261273"
"Trinidad and Tobago","2019","US$","15691.162067178511"
"Trinidad and Tobago","2020","US$","13871.798219471475"
"Trinidad and Tobago","2021","US$","16032.502768209933"
"Tunisia","2019","US$","3477.84427052074"
"Tunisia","2020","US$","3497.7332305726854"
"Tunisia","2021","US$","3807.1845631020587"
"Turkmenistan","2019","US$","7459.533212090114"
"Turkmenistan","2020","US$","7381.050057154852"
"Turkmenistan","2021","US$","8507.667600185028"
"Turks and Caicos Islands","2019","US$","27795.148560817084"
"Turks and Caicos Islands","2020","US$","20882.261270214112"
"Turks and Caicos Islands","2021","US$","20908.581992286207"
"Tuvalu","2019","US$","4942.806306507899"
"Tuvalu","2020","US$","4675.395969392798"
"Tuvalu","2021","US$","5370.419270528364"
"Türkiye","2019","US$","9103.01239655239"
"Türkiye","2020","US$","8561.064332806189"
"Türkiye","2021","US$","9661.227734204242"
"Uganda","2019","US$","879.5241424518402"
"Uganda","2020","US$","857.1360264130907"
"Uganda","2021","US$","930.3723623450493"
"Ukraine","2019","US$","3480.6432413758193"
"Ukraine","2020","US$","3566.816467842271"
"Ukraine","2021","US$","4596.34917496562"
"United Arab Emirates","2019","US$","45292.12925681129"
"United Arab Emirates","2020","US$","38463.161997482624"
"United Arab Emirates","2021","US$","43295.39308165127"
"United Kingdom of Great Britain and Northern Ireland","2019","US$","42783.9955269695"
"United Kingdom of Great Britain and Northern Ireland","2020","US$","40331.499768222915"
"United Kingdom of Great Britain and Northern Ireland","2021","US$","46541.756926880305"
"United Republic of Tanzania: Mainland","2019","US$","1047.7233755418326"
"United Republic of Tanzania: Mainland","2020","US$","1097.6014508314865"
"United Republic of Tanzania: Mainland","2021","US$","1136.190395169359"
"United Republic of Tanzania: Zanzibar","2019","US$","1111.8412669366794"
"United Republic of Tanzania: Zanzibar","2020","US$","1097.528187694491"
"United Republic of Tanzania: Zanzibar","2021","US$","1211.2019174319107"
"United States","2019","US$","63953.68820520286"
"United States","2020","US$","62690.80320986239"
"United States","2021","US$","69184.70440017109"
"Uruguay","2019","US$","17859.944160530853"
"Uruguay","2020","US$","15619.545753690749"
"Uruguay","2021","US$","17312.641777909364"
"Uzbekistan","2019","US$","1816.6530761872675"
"Uzbekistan","2020","US$","1786.4682105298293"
"Uzbekistan","2021","US$","2031.5715791941673"
"Vanuatu","2019","US$","3089.492785758039"
"Vanuatu","2020","US$","2917.7568490893273"
"Vanuatu","2021","US$","3072.5722206429637"
"Venezuela (Bolivarian Republic of)","2019","US$","5183.178987504016"
"Venezuela (Bolivarian Republic of)","2020","US$","3738.051589024188"
"Venezuela (Bolivarian Republic of)","2021","US$","3965.034328095608"
"Viet Nam","2019","US$","3491.0914086215353"
"Viet Nam","2020","US$","3586.347175792472"
"Viet Nam","2021","US$","3756.4889009138597"
"Western Africa","2019","US$","1824.69392205432"
"Western Africa","2020","US$","1695.5671907363962"
"Western Africa","2021","US$","1732.974995524892"
"Western Asia","2019","US$","11706.02085814011"
"Western Asia","2020","US$","10329.151853838039"
"Western Asia","2021","US$","11865.098449193343"
"Western Europe","2019","US$","47356.99106227525"
"Western Europe","2020","US$","46803.56645960767"
"Western Europe","2021","US$","51681.147890526554"
"World","2019","US$","11301.056860173123"
"World","2020","US$","10883.085098216763"
"World","2021","US$","12229.120883010406"
"Yemen","2019","US$","411.4603675517613"
"Yemen","2020","US$","291.6790742882007"
"Yemen","2021","US$","301.5864334096286"
"Zambia","2019","US$","1268.2131283970016"
"Zambia","2020","US$","956.8317473480374"
"Zambia","2021","US$","1094.50161325854"
"Zimbabwe","2019","US$","1471.5139829685004"
"Zimbabwe","2020","US$","1382.5914262626911"
"Zimbabwe","2021","US$","1507.9947898912085"